{
  "identity_checks": {
    "max_err_formI": 1.3322676295501878e-15,
    "max_err_formII": 8.881784197001252e-16,
    "max_abs_A_generic_winding": 4.263256414560601e-14
  },
  "uniform_winding": {
    "values": {
      "5": {
        "1": -6.661338147750939e-16,
        "2": -1.9984014443252818e-15,
        "3": 4.440892098500626e-15,
        "4": -1.5543122344752192e-15
      },
      "6": {
        "1": 4.440892098500626e-16,
        "2": -4.884981308350689e-15,
        "3": -24.0,
        "4": 9.769962616701378e-15,
        "5": 3.3306690738754696e-16
      },
      "8": {
        "1": -1.1102230246251565e-16,
        "2": 8.881784197001252e-16,
        "3": 9.325873406851315e-15,
        "4": -32.0,
        "5": 2.0872192862952943e-14,
        "6": 2.220446049250313e-16,
        "7": -2.0539125955565396e-15
      },
      "12": {
        "1": 9.159339953157541e-16,
        "2": 3.1086244689504383e-15,
        "3": 1.1102230246251565e-15,
        "4": -2.220446049250313e-14,
        "5": 9.992007221626409e-15,
        "6": -48.0,
        "7": 3.064215547965432e-14,
        "8": 4.263256414560601e-14,
        "9": 4.440892098500626e-16,
        "10": 3.9968028886505635e-15,
        "11": -5.218048215738236e-15
      },
      "16": {
        "1": -2.7755575615628914e-17,
        "2": 3.219646771412954e-15,
        "3": 5.10702591327572e-15,
        "4": 1.1102230246251565e-15,
        "5": 0.0,
        "6": 2.9753977059954195e-14,
        "7": -3.241851231905457e-14,
        "8": -64.0,
        "9": 2.19824158875781e-14,
        "10": -8.881784197001252e-16,
        "11": 1.3322676295501878e-14,
        "12": 4.440892098500626e-16,
        "13": -9.992007221626409e-15,
        "14": 1.0547118733938987e-15,
        "15": -5.294376048681215e-15
      }
    },
    "nyquist": {
      "6": -24.0,
      "8": -32.0,
      "12": -48.0,
      "16": -64.0
    },
    "max_abs_A_generic": 4.263256414560601e-14
  },
  "per_mk": [
    {
      "m": 5,
      "k": 2,
      "n_rings": 80,
      "corr_A_disorder": 0.852,
      "corr_A_winding": 0.0,
      "mean_abs_winding": 0.0,
      "phase_current_sum": 93.99,
      "mag_gradient_sum": -16.94,
      "A_sum": 77.04
    },
    {
      "m": 6,
      "k": 2,
      "n_rings": 96,
      "corr_A_disorder": 0.826,
      "corr_A_winding": 0.0,
      "mean_abs_winding": 0.0,
      "phase_current_sum": 155.5,
      "mag_gradient_sum": 9.02,
      "A_sum": 164.51
    }
  ]
}