{
  "d4r2_m4": {
    "0.0": {
      "t": 0.0,
      "comm": 0.3901806440322568,
      "chargeAng": 0.3926990816987244,
      "branchGap": 2.7488935718910685,
      "chargeMod": 0.9999999999999998,
      "nCharged": 32
    },
    "0.04": {
      "t": 0.2069009568814516,
      "comm": 0.618033988749895,
      "chargeAng": 0.6283185307179588,
      "branchGap": 2.5132741228718345,
      "chargeMod": 0.9999999999999997,
      "nCharged": 32
    },
    "0.08": {
      "t": 0.4101104167207491,
      "comm": 0.837319475074856,
      "chargeAng": 0.8639379797371932,
      "branchGap": 2.2776546738526,
      "chargeMod": 0.9999999999999999,
      "nCharged": 32
    },
    "0.12": {
      "t": 0.6060356024390239,
      "comm": 1.044997129431899,
      "chargeAng": 1.0995574287564285,
      "branchGap": 2.0420352248333646,
      "chargeMod": 0.9999999999999998,
      "nCharged": 32
    },
    "0.16": {
      "t": 0.7912788694645435,
      "comm": 1.238187898619668,
      "chargeAng": 1.3351768777756625,
      "branchGap": 1.8064157758141306,
      "chargeMod": 0.9999999999999994,
      "nCharged": 32
    },
    "0.2": {
      "t": 0.9627295422363762,
      "comm": 1.4142135623730951,
      "chargeAng": 1.5707963267948968,
      "branchGap": 1.5707963267948963,
      "chargeMod": 0.9999999999999989,
      "nCharged": 32
    },
    "0.24": {
      "t": 1.1176489779642207,
      "comm": 1.5706338617614906,
      "chargeAng": 1.806415775814131,
      "branchGap": 1.335176877775662,
      "chargeMod": 0.9999999999999999,
      "nCharged": 32
    },
    "0.28": {
      "t": 1.2537467541874083,
      "comm": 1.7052803287081846,
      "chargeAng": 2.042035224833366,
      "branchGap": 1.0995574287564271,
      "chargeMod": 0.999999999999999,
      "nCharged": 32
    },
    "0.32": {
      "t": 1.3692459726702733,
      "comm": 1.8162863476501632,
      "chargeAng": 2.277654673852601,
      "branchGap": 0.8639379797371922,
      "chargeMod": 0.9999999999999998,
      "nCharged": 32
    },
    "0.36": {
      "t": 1.462935745094621,
      "comm": 1.9021130325903075,
      "chargeAng": 2.513274122871834,
      "branchGap": 0.6283185307179591,
      "chargeMod": 0.9999999999999999,
      "nCharged": 32
    },
    "0.4": {
      "t": 1.5342089437618354,
      "comm": 1.9615705608064613,
      "chargeAng": 2.7488935718910685,
      "branchGap": 0.3926990816987246,
      "chargeMod": 0.9999999999999998,
      "nCharged": 32
    },
    "0.44": {
      "t": 1.5830832294390476,
      "comm": 1.9938346674662557,
      "chargeAng": 2.9845130209103035,
      "branchGap": 0.15707963267948966,
      "chargeMod": 0.9999999999999989,
      "nCharged": 32
    },
    "0.48": {
      "t": 1.6102031861120352,
      "comm": 1.9984580724814458,
      "chargeAng": 3.0630528372500483,
      "branchGap": 0.07853981633974483,
      "chargeMod": 0.9999999999999994,
      "nCharged": 32
    },
    "0.52": {
      "t": 1.6168211145483646,
      "comm": 1.975376681190275,
      "chargeAng": 2.827433388230814,
      "branchGap": 0.3141592653589793,
      "chargeMod": 0.9999999999999996,
      "nCharged": 2
    },
    "0.56": {
      "t": 1.6047537649399666,
      "comm": 1.9249104729072948,
      "chargeAng": 2.591813939211579,
      "branchGap": 0.5497787143782142,
      "chargeMod": 0.9999999999999997,
      "nCharged": 2
    },
    "0.6": {
      "t": 1.576312277643561,
      "comm": 1.8477590650225733,
      "chargeAng": 2.356194490192345,
      "branchGap": 0.7853981633974483,
      "chargeMod": 1.0000000000000002,
      "nCharged": 2
    },
    "0.64": {
      "t": 1.5342033152106451,
      "comm": 1.7449920141455941,
      "chargeAng": 2.1205750411731104,
      "branchGap": 1.0210176124166828,
      "chargeMod": 1.0,
      "nCharged": 2
    },
    "0.68": {
      "t": 1.4814014587162168,
      "comm": 1.6180339887498951,
      "chargeAng": 1.8849555921538754,
      "branchGap": 1.2566370614359177,
      "chargeMod": 1.0000000000000002,
      "nCharged": 2
    },
    "0.72": {
      "t": 1.4209970055108183,
      "comm": 1.4686450188713716,
      "chargeAng": 1.6493361431346414,
      "branchGap": 1.4922565104551517,
      "chargeMod": 1.0000000000000002,
      "nCharged": 2
    },
    "0.76": {
      "t": 1.3560293495535656,
      "comm": 1.2988960966603675,
      "chargeAng": 1.413716694115407,
      "branchGap": 1.7278759594743862,
      "chargeMod": 0.9999999999999998,
      "nCharged": 2
    },
    "0.8": {
      "t": 1.289322871261687,
      "comm": 1.1111404660392041,
      "chargeAng": 1.178097245096172,
      "branchGap": 1.9634954084936211,
      "chargeMod": 0.9999999999999994,
      "nCharged": 2
    },
    "0.84": {
      "t": 1.2389625000325268,
      "comm": 0.9079809994790939,
      "chargeAng": 0.9424777960769379,
      "branchGap": 2.199114857512855,
      "chargeMod": 1.0000000000000002,
      "nCharged": 2
    },
    "0.88": {
      "t": 1.1834456684979469,
      "comm": 0.6922341141549863,
      "chargeAng": 0.7068583470577036,
      "branchGap": 2.4347343065320897,
      "chargeMod": 0.9999999999999999,
      "nCharged": 2
    },
    "0.92": {
      "t": 1.1242215587499356,
      "comm": 0.46689072771181067,
      "chargeAng": 0.4712388980384689,
      "branchGap": 2.670353755551324,
      "chargeMod": 1.0000000000000004,
      "nCharged": 2
    },
    "0.96": {
      "t": 1.0626588445100282,
      "comm": 0.23507479491567557,
      "chargeAng": 0.23561944901923462,
      "branchGap": 2.9059732045705586,
      "chargeMod": 1.0000000000000002,
      "nCharged": 2
    },
    "1.0": {
      "t": 1.0000000000000002,
      "comm": 0.0,
      "chargeAng": 0.0,
      "branchGap": 3.141592653589793,
      "chargeMod": 0.0,
      "nCharged": 0
    }
  },
  "d4r2_m6": {
    "0.0": {
      "t": 0.0,
      "comm": 0.17431148549531691,
      "chargeAng": 0.17453292519943361,
      "branchGap": 2.9670597283903595,
      "chargeMod": 0.0,
      "nCharged": 0
    },
    "0.04": {
      "t": 0.2260833221050319,
      "comm": 0.41582338163551885,
      "chargeAng": 0.4188790204786394,
      "branchGap": 2.722713633111154,
      "chargeMod": 0.999999999999999,
      "nCharged": 2
    },
    "0.08": {
      "t": 0.4476364066412039,
      "comm": 0.6511363089143132,
      "chargeAng": 0.6632251157578448,
      "branchGap": 2.4783675378319483,
      "chargeMod": 1.0000000000000002,
      "nCharged": 2
    },
    "0.12": {
      "t": 0.66026517369423,
      "comm": 0.8767422935781554,
      "chargeAng": 0.9075712110370515,
      "branchGap": 2.2340214425527414,
      "chargeMod": 1.0,
      "nCharged": 2
    },
    "0.16": {
      "t": 0.8598442724691467,
      "comm": 1.0892780700300548,
      "chargeAng": 1.1519173063162578,
      "branchGap": 1.9896753472735353,
      "chargeMod": 0.9999999999999992,
      "nCharged": 2
    },
    "0.2": {
      "t": 1.042642556247523,
      "comm": 1.2855752193730783,
      "chargeAng": 1.3962634015954631,
      "branchGap": 1.74532925199433,
      "chargeMod": 0.9999999999999994,
      "nCharged": 2
    },
    "0.24": {
      "t": 1.2054380914444462,
      "comm": 1.4627074032383411,
      "chargeAng": 1.6406094968746694,
      "branchGap": 1.5009831567151237,
      "chargeMod": 1.0000000000000004,
      "nCharged": 2
    },
    "0.28": {
      "t": 1.3456195145526095,
      "comm": 1.6180339887498953,
      "chargeAng": 1.8849555921538759,
      "branchGap": 1.2566370614359172,
      "chargeMod": 0.9999999999999993,
      "nCharged": 2
    },
    "0.32": {
      "t": 1.461270739395847,
      "comm": 1.7492394142787924,
      "chargeAng": 2.129301687433083,
      "branchGap": 1.0122909661567103,
      "chargeMod": 0.9999999999999998,
      "nCharged": 2
    },
    "0.36": {
      "t": 1.5512361585133223,
      "comm": 1.8543677091335748,
      "chargeAng": 2.3736477827122875,
      "branchGap": 0.7679448708775056,
      "chargeMod": 0.9999999999999996,
      "nCharged": 2
    },
    "0.4": {
      "t": 1.6151635089873573,
      "comm": 1.9318516525781368,