{
  "median": {
    "1": 1.4064249939404958,
    "2": 1.3984834025024284,
    "3": 1.3903848555424825
  },
  "per_m": {
    "1": {
      "4": 1.3383,
      "6": 1.3821,
      "8": 1.3965,
      "12": 1.4064,
      "16": 1.4099,
      "24": 1.4123,
      "32": 1.4131
    },
    "2": {
      "4": 1.247,
      "6": 0.9462,
      "8": 1.3779,
      "12": 1.3985,
      "16": 1.4054,
      "24": 1.4103,
      "32": 1.412
    },
    "3": {
      "4": 1.1361,
      "6": 1.3097,
      "8": 1.3585,
      "12": 1.3904,
      "16": 1.401,
      "24": 1.4084,
      "32": 1.4109
    }
  }
}