{
  "m": 8,
  "k": 2,
  "n_lines": 15,
  "best_bracket": -0.00015,
  "top": [
    -0.00015,
    -0.00016,
    -0.00016,
    -0.00016,
    -0.00016,
    -0.00018,
    -0.00019,
    -0.00024
  ]
}