{
  "identities": {
    "I1": 9.995394779179142e-16,
    "I2": 8.96917464302345e-16,
    "I3": 8.881784197001252e-16,
    "e_unit_and_isotropic": 4.440892098500626e-16
  },
  "curvature_doubling": [
    [
      0.0,
      0.0,
      7.771561172376096e-16,
      true
    ],
    [
      0.0,
      -0.0,
      6.245004513516506e-16,
      true
    ],
    [
      1.0,
      1.0,
      6.661338147750939e-15,
      false
    ],
    [
      0.0,
      -0.0,
      5.828670879282072e-16,
      true
    ],
    [
      -0.0,
      -0.0,
      7.216449660063518e-16,
      true
    ],
    [
      -0.0,
      0.0,
      5.967448757360216e-16,
      true
    ]
  ],
  "curvature_doubling_ok": true,
  "reduced_condition_err": 1.3204495416945858,
  "reduced_sign_mismatch": 0
}